{"lr_after": 0.0002, "_timestamp": 1715965262.5972154, "_runtime": 252.54371333122253, "_step": 1, "Epoch": 0, "Train Loss": 4.120112699040195, "Train Acc": 3.6578947368421053, "Valid Loss": 3.6808494225937447, "Valid Acc": 4.789473684210526, "_wandb": {"runtime": 252}}