{"lr_after": 0.0002, "_timestamp": 1715964939.3373277, "_runtime": 159.97169661521912, "_step": 0}