{"lr_after": 0.0002, "_timestamp": 1715883658.9598587, "_runtime": 153.29298853874207, "_step": 0, "_wandb": {"runtime": 166}}