{"lr_after": 0.0002, "_timestamp": 1715896860.1275039, "_runtime": 144.7204658985138, "_step": 0, "_wandb": {"runtime": 228}}