{"lr_after": 0.0002, "_timestamp": 1715896613.1733005, "_runtime": 234.83601355552673, "_step": 1, "Epoch": 0, "Train Loss": 4.0269192397803595, "Train Acc": 3.9517543859649127, "Valid Loss": 3.6550862702334963, "Valid Acc": 4.657894736842105, "_wandb": {"runtime": 233}}