{"lr_after": 0.00015000000000000001, "_timestamp": 1715863221.588206, "_runtime": 9774.45996594429, "_step": 99, "Epoch": 49, "Train Loss": 1.8434640143210428, "Train Acc": 28.247807017543856, "Valid Loss": 2.2254592681131444, "Valid Acc": 20.885964912280702, "_wandb": {"runtime": 9773}}