{"lr_after": 0.0002, "_timestamp": 1715962876.4453917, "_runtime": 190.3884515762329, "_step": 0, "_wandb": {"runtime": 304}}