{"lr_after": 0.0002, "_timestamp": 1715895961.3230324, "_runtime": 168.9215543270111, "_step": 0, "_wandb": {"runtime": 167}}