{"lr_after": 0.0002, "_timestamp": 1715883904.6847124, "_runtime": 160.24122548103333, "_step": 0, "_wandb": {"runtime": 171}}