{"lr_after": 0.0002, "_timestamp": 1715880210.654854, "_runtime": 176.35489511489868, "_step": 0, "_wandb": {"runtime": 175}}