{"lr_after": 0.0002, "_timestamp": 1715895645.1378186, "_runtime": 173.56179356575012, "_step": 0, "_wandb": {"runtime": 172}}